Gas1,gas2,gas3,gas4,gas5
100,0,0,0,0
98,2,0,0,0
96,4,0,0,0
94,6,0,0,0
92,8,0,0,0
90,10,0,0,0
88,12,0,0,0
86,14,0,0,0
84,16,0,0,0
82,18,0,0,0
80,20,0,0,0
78,22,0,0,0
76,24,0,0,0
74,26,0,0,0
72,28,0,0,0
70,30,0,0,0
68,32,0,0,0
66,34,0,0,0
64,36,0,0,0
62,38,0,0,0
60,40,0,0,0
58,42,0,0,0
56,44,0,0,0
54,46,0,0,0
52,48,0,0,0
50,50,0,0,0
48,52,0,0,0
46,54,0,0,0
44,56,0,0,0
42,58,0,0,0
40,60,0,0,0
38,62,0,0,0
36,64,0,0,0
34,66,0,0,0
32,68,0,0,0
30,70,0,0,0
28,72,0,0,0
26,74,0,0,0
24,76,0,0,0
22,78,0,0,0
20,80,0,0,0
18,82,0,0,0
16,84,0,0,0
14,86,0,0,0
12,88,0,0,0
10,90,0,0,0
8,92,0,0,0
6,94,0,0,0
4,96,0,0,0
2,98,0,0,0
0,100,0,0,0
0,98,2,0,0
0,98,0,2,0
0,98,0,0,2
2,96,2,0,0
0,96,4,0,0
0,96,2,2,0
0,96,2,0,2
2,96,0,2,0
0,96,0,4,0
0,96,0,2,2
2,96,0,0,2
0,96,0,0,4
4,94,2,0,0
2,94,4,0,0
0,94,6,0,0
0,94,4,2,0
0,94,4,0,2
2,94,2,2,0
0,94,2,4,0
0,94,2,2,2
2,94,2,0,2
0,94,2,0,4
4,94,0,2,0
2,94,0,4,0
0,94,0,6,0
0,94,0,4,2
2,94,0,2,2
0,94,0,2,4
4,94,0,0,2
2,94,0,0,4
0,94,0,0,6
6,92,2,0,0
4,92,4,0,0
2,92,6,0,0
0,92,8,0,0
0,92,6,2,0
0,92,6,0,2
2,92,4,2,0
0,92,4,4,0
0,92,4,2,2
2,92,4,0,2
0,92,4,0,4
4,92,2,2,0
2,92,2,4,0
0,92,2,6,0
0,92,2,4,2
2,92,2,2,2
0,92,2,2,4
4,92,2,0,2
2,92,2,0,4
0,92,2,0,6
6,92,0,2,0
4,92,0,4,0
2,92,0,6,0
0,92,0,8,0
0,92,0,6,2
2,92,0,4,2
0,92,0,4,4
4,92,0,2,2
2,92,0,2,4
0,92,0,2,6
6,92,0,0,2
4,92,0,0,4
2,92,0,0,6
0,92,0,0,8
8,90,2,0,0
6,90,4,0,0
4,90,6,0,0
2,90,8,0,0
0,90,10,0,0
0,90,8,2,0
0,90,8,0,2
2,90,6,2,0
0,90,6,4,0
0,90,6,2,2
2,90,6,0,2
0,90,6,0,4
4,90,4,2,0
2,90,4,4,0
0,90,4,6,0
0,90,4,4,2
2,90,4,2,2
0,90,4,2,4
4,90,4,0,2
2,90,4,0,4
0,90,4,0,6
6,90,2,2,0
4,90,2,4,0
2,90,2,6,0
0,90,2,8,0
0,90,2,6,2
2,90,2,4,2
0,90,2,4,4
4,90,2,2,2
2,90,2,2,4
0,90,2,2,6
6,90,2,0,2
4,90,2,0,4
2,90,2,0,6
0,90,2,0,8
8,90,0,2,0
6,90,0,4,0
4,90,0,6,0
2,90,0,8,0
0,90,0,10,0
0,90,0,8,2
2,90,0,6,2
0,90,0,6,4
4,90,0,4,2
2,90,0,4,4
0,90,0,4,6
6,90,0,2,2
4,90,0,2,4
2,90,0,2,6
0,90,0,2,8
8,90,0,0,2
6,90,0,0,4
4,90,0,0,6
2,90,0,0,8
0,90,0,0,10
10,88,2,0,0
8,88,4,0,0
6,88,6,0,0
4,88,8,0,0
2,88,10,0,0
0,88,12,0,0
0,88,10,2,0
0,88,10,0,2
2,88,8,2,0
0,88,8,4,0
0,88,8,2,2
2,88,8,0,2
0,88,8,0,4
4,88,6,2,0
2,88,6,4,0
0,88,6,6,0
0,88,6,4,2
2,88,6,2,2
0,88,6,2,4
4,88,6,0,2
2,88,6,0,4
0,88,6,0,6
6,88,4,2,0
4,88,4,4,0
2,88,4,6,0
0,88,4,8,0
0,88,4,6,2
2,88,4,4,2
0,88,4,4,4
4,88,4,2,2
2,88,4,2,4
0,88,4,2,6
6,88,4,0,2
4,88,4,0,4
2,88,4,0,6
0,88,4,0,8
8,88,2,2,0
6,88,2,4,0
4,88,2,6,0
2,88,2,8,0
0,88,2,10,0
0,88,2,8,2
2,88,2,6,2
0,88,2,6,4
4,88,2,4,2
2,88,2,4,4
0,88,2,4,6
6,88,2,2,2
4,88,2,2,4
2,88,2,2,6
0,88,2,2,8
8,88,2,0,2
6,88,2,0,4
4,88,2,0,6
2,88,2,0,8
0,88,2,0,10
10,88,0,2,0
8,88,0,4,0
6,88,0,6,0
4,88,0,8,0
2,88,0,10,0
0,88,0,12,0
0,88,0,10,2
2,88,0,8,2
0,88,0,8,4
4,88,0,6,2
2,88,0,6,4
0,88,0,6,6
6,88,0,4,2
4,88,0,4,4
2,88,0,4,6
0,88,0,4,8
8,88,0,2,2
6,88,0,2,4
4,88,0,2,6
2,88,0,2,8
0,88,0,2,10
10,88,0,0,2
8,88,0,0,4
6,88,0,0,6
4,88,0,0,8
2,88,0,0,10
0,88,0,0,12
12,86,2,0,0
10,86,4,0,0
8,86,6,0,0
6,86,8,0,0
4,86,10,0,0
2,86,12,0,0
0,86,14,0,0
0,86,12,2,0
0,86,12,0,2
2,86,10,2,0
0,86,10,4,0
0,86,10,2,2
2,86,10,0,2
0,86,10,0,4
4,86,8,2,0
2,86,8,4,0
0,86,8,6,0
0,86,8,4,2
2,86,8,2,2
0,86,8,2,4
4,86,8,0,2
2,86,8,0,4
0,86,8,0,6
6,86,6,2,0
4,86,6,4,0
2,86,6,6,0
0,86,6,8,0
0,86,6,6,2
2,86,6,4,2
0,86,6,4,4
4,86,6,2,2
2,86,6,2,4
0,86,6,2,6
6,86,6,0,2
4,86,6,0,4
2,86,6,0,6
0,86,6,0,8
8,86,4,2,0
6,86,4,4,0
4,86,4,6,0
2,86,4,8,0
0,86,4,10,0
0,86,4,8,2
2,86,4,6,2
0,86,4,6,4
4,86,4,4,2
2,86,4,4,4
0,86,4,4,6
6,86,4,2,2
4,86,4,2,4
2,86,4,2,6
0,86,4,2,8
8,86,4,0,2
6,86,4,0,4
4,86,4,0,6
2,86,4,0,8
0,86,4,0,10
10,86,2,2,0
8,86,2,4,0
6,86,2,6,0
4,86,2,8,0
2,86,2,10,0
0,86,2,12,0
0,86,2,10,2
2,86,2,8,2
0,86,2,8,4
4,86,2,6,2
2,86,2,6,4
0,86,2,6,6
6,86,2,4,2
4,86,2,4,4
2,86,2,4,6
0,86,2,4,8
8,86,2,2,2
6,86,2,2,4
4,86,2,2,6
2,86,2,2,8
0,86,2,2,10
10,86,2,0,2
8,86,2,0,4
6,86,2,0,6
4,86,2,0,8
2,86,2,0,10
0,86,2,0,12
12,86,0,2,0
10,86,0,4,0
8,86,0,6,0
6,86,0,8,0
4,86,0,10,0
2,86,0,12,0
0,86,0,14,0
0,86,0,12,2
2,86,0,10,2
0,86,0,10,4
4,86,0,8,2
2,86,0,8,4
0,86,0,8,6
6,86,0,6,2
4,86,0,6,4
2,86,0,6,6
0,86,0,6,8
8,86,0,4,2
6,86,0,4,4
4,86,0,4,6
2,86,0,4,8
0,86,0,4,10
10,86,0,2,2
8,86,0,2,4
6,86,0,2,6
4,86,0,2,8
2,86,0,2,10
0,86,0,2,12
12,86,0,0,2
10,86,0,0,4
8,86,0,0,6
6,86,0,0,8
4,86,0,0,10
2,86,0,0,12
0,86,0,0,14
14,84,2,0,0
12,84,4,0,0
10,84,6,0,0
8,84,8,0,0
6,84,10,0,0
4,84,12,0,0
2,84,14,0,0
0,84,16,0,0
0,84,14,2,0
0,84,14,0,2
2,84,12,2,0
0,84,12,4,0
0,84,12,2,2
2,84,12,0,2
0,84,12,0,4
4,84,10,2,0
2,84,10,4,0
0,84,10,6,0
0,84,10,4,2
2,84,10,2,2
0,84,10,2,4
4,84,10,0,2
2,84,10,0,4
0,84,10,0,6
6,84,8,2,0
4,84,8,4,0
2,84,8,6,0
0,84,8,8,0
0,84,8,6,2
2,84,8,4,2
0,84,8,4,4
4,84,8,2,2
2,84,8,2,4
0,84,8,2,6
6,84,8,0,2
4,84,8,0,4
2,84,8,0,6
0,84,8,0,8
8,84,6,2,0
6,84,6,4,0
4,84,6,6,0
2,84,6,8,0
0,84,6,10,0
0,84,6,8,2
2,84,6,6,2
0,84,6,6,4
4,84,6,4,2
2,84,6,4,4
0,84,6,4,6
6,84,6,2,2
4,84,6,2,4
2,84,6,2,6
0,84,6,2,8
8,84,6,0,2
6,84,6,0,4
4,84,6,0,6
2,84,6,0,8
0,84,6,0,10
10,84,4,2,0
8,84,4,4,0
6,84,4,6,0
4,84,4,8,0
2,84,4,10,0
0,84,4,12,0
0,84,4,10,2
2,84,4,8,2
0,84,4,8,4
4,84,4,6,2
2,84,4,6,4
0,84,4,6,6
6,84,4,4,2
4,84,4,4,4
2,84,4,4,6
0,84,4,4,8
8,84,4,2,2
6,84,4,2,4
4,84,4,2,6
2,84,4,2,8
0,84,4,2,10
10,84,4,0,2
8,84,4,0,4
6,84,4,0,6
4,84,4,0,8
2,84,4,0,10
0,84,4,0,12
12,84,2,2,0
10,84,2,4,0
8,84,2,6,0
6,84,2,8,0
4,84,2,10,0
2,84,2,12,0
0,84,2,14,0
0,84,2,12,2
2,84,2,10,2
0,84,2,10,4
4,84,2,8,2
2,84,2,8,4
0,84,2,8,6
6,84,2,6,2
4,84,2,6,4
2,84,2,6,6
0,84,2,6,8
8,84,2,4,2
6,84,2,4,4
4,84,2,4,6
2,84,2,4,8
0,84,2,4,10
10,84,2,2,2
8,84,2,2,4
6,84,2,2,6
4,84,2,2,8
2,84,2,2,10
0,84,2,2,12
12,84,2,0,2
10,84,2,0,4
8,84,2,0,6
6,84,2,0,8
4,84,2,0,10
2,84,2,0,12
0,84,2,0,14
14,84,0,2,0
12,84,0,4,0
10,84,0,6,0
8,84,0,8,0
6,84,0,10,0
4,84,0,12,0
2,84,0,14,0
0,84,0,16,0
0,84,0,14,2
2,84,0,12,2
0,84,0,12,4
4,84,0,10,2
2,84,0,10,4
0,84,0,10,6
6,84,0,8,2
4,84,0,8,4
2,84,0,8,6
0,84,0,8,8
8,84,0,6,2
6,84,0,6,4
4,84,0,6,6
2,84,0,6,8
0,84,0,6,10
10,84,0,4,2
8,84,0,4,4
6,84,0,4,6
4,84,0,4,8
2,84,0,4,10
0,84,0,4,12
12,84,0,2,2
10,84,0,2,4
8,84,0,2,6
6,84,0,2,8
4,84,0,2,10
2,84,0,2,12
0,84,0,2,14
14,84,0,0,2
12,84,0,0,4
10,84,0,0,6
8,84,0,0,8
6,84,0,0,10
4,84,0,0,12
2,84,0,0,14
0,84,0,0,16
16,82,2,0,0
14,82,4,0,0
12,82,6,0,0
10,82,8,0,0
8,82,10,0,0
6,82,12,0,0
4,82,14,0,0
2,82,16,0,0
0,82,18,0,0
0,82,16,2,0
0,82,16,0,2
2,82,14,2,0
0,82,14,4,0
0,82,14,2,2
2,82,14,0,2
0,82,14,0,4
4,82,12,2,0
2,82,12,4,0
0,82,12,6,0
0,82,12,4,2
2,82,12,2,2
0,82,12,2,4
4,82,12,0,2
2,82,12,0,4
0,82,12,0,6
6,82,10,2,0
4,82,10,4,0
2,82,10,6,0
0,82,10,8,0
0,82,10,6,2
2,82,10,4,2
0,82,10,4,4
4,82,10,2,2
2,82,10,2,4
0,82,10,2,6
6,82,10,0,2
4,82,10,0,4
2,82,10,0,6
0,82,10,0,8
8,82,8,2,0
6,82,8,4,0
4,82,8,6,0
2,82,8,8,0
0,82,8,10,0
0,82,8,8,2
2,82,8,6,2
0,82,8,6,4
4,82,8,4,2
2,82,8,4,4
0,82,8,4,6
6,82,8,2,2
4,82,8,2,4
2,82,8,2,6
0,82,8,2,8
8,82,8,0,2
6,82,8,0,4
4,82,8,0,6
2,82,8,0,8
0,82,8,0,10
10,82,6,2,0
8,82,6,4,0
6,82,6,6,0
4,82,6,8,0
2,82,6,10,0
0,82,6,12,0
0,82,6,10,2
2,82,6,8,2
0,82,6,8,4
4,82,6,6,2
2,82,6,6,4
0,82,6,6,6
6,82,6,4,2
4,82,6,4,4
2,82,6,4,6
0,82,6,4,8
8,82,6,2,2
6,82,6,2,4
4,82,6,2,6
2,82,6,2,8
0,82,6,2,10
10,82,6,0,2
8,82,6,0,4
6,82,6,0,6
4,82,6,0,8
2,82,6,0,10
0,82,6,0,12
12,82,4,2,0
10,82,4,4,0
8,82,4,6,0
6,82,4,8,0
4,82,4,10,0
2,82,4,12,0
0,82,4,14,0
0,82,4,12,2
2,82,4,10,2
0,82,4,10,4
4,82,4,8,2
2,82,4,8,4
0,82,4,8,6
6,82,4,6,2
4,82,4,6,4
2,82,4,6,6
0,82,4,6,8
8,82,4,4,2
6,82,4,4,4
4,82,4,4,6
2,82,4,4,8
0,82,4,4,10
10,82,4,2,2
8,82,4,2,4
6,82,4,2,6
4,82,4,2,8
2,82,4,2,10
0,82,4,2,12
12,82,4,0,2
10,82,4,0,4
8,82,4,0,6
6,82,4,0,8
4,82,4,0,10
2,82,4,0,12
0,82,4,0,14
14,82,2,2,0
12,82,2,4,0
10,82,2,6,0
8,82,2,8,0
6,82,2,10,0
4,82,2,12,0
2,82,2,14,0
0,82,2,16,0
0,82,2,14,2
2,82,2,12,2
0,82,2,12,4
4,82,2,10,2
2,82,2,10,4
0,82,2,10,6
6,82,2,8,2
4,82,2,8,4
2,82,2,8,6
0,82,2,8,8
8,82,2,6,2
6,82,2,6,4
4,82,2,6,6
2,82,2,6,8
0,82,2,6,10
10,82,2,4,2
8,82,2,4,4
6,82,2,4,6
4,82,2,4,8
2,82,2,4,10
0,82,2,4,12
12,82,2,2,2
10,82,2,2,4
8,82,2,2,6
6,82,2,2,8
4,82,2,2,10
2,82,2,2,12
0,82,2,2,14
14,82,2,0,2
12,82,2,0,4
10,82,2,0,6
8,82,2,0,8
6,82,2,0,10
4,82,2,0,12
2,82,2,0,14
0,82,2,0,16
16,82,0,2,0
14,82,0,4,0
12,82,0,6,0
10,82,0,8,0
8,82,0,10,0
6,82,0,12,0
4,82,0,14,0
2,82,0,16,0
0,82,0,18,0
0,82,0,16,2
2,82,0,14,2
0,82,0,14,4
4,82,0,12,2
2,82,0,12,4
0,82,0,12,6
6,82,0,10,2
4,82,0,10,4
2,82,0,10,6
0,82,0,10,8
8,82,0,8,2
6,82,0,8,4
4,82,0,8,6
2,82,0,8,8
0,82,0,8,10
10,82,0,6,2
8,82,0,6,4
6,82,0,6,6
4,82,0,6,8
2,82,0,6,10
0,82,0,6,12
12,82,0,4,2
10,82,0,4,4
8,82,0,4,6
6,82,0,4,8
4,82,0,4,10
2,82,0,4,12
0,82,0,4,14
14,82,0,2,2
12,82,0,2,4
10,82,0,2,6
8,82,0,2,8
6,82,0,2,10
4,82,0,2,12
2,82,0,2,14
0,82,0,2,16
16,82,0,0,2
14,82,0,0,4
12,82,0,0,6
10,82,0,0,8
8,82,0,0,10
6,82,0,0,12
4,82,0,0,14
2,82,0,0,16
0,82,0,0,18
18,80,2,0,0
16,80,4,0,0
14,80,6,0,0
12,80,8,0,0
10,80,10,0,0
8,80,12,0,0
6,80,14,0,0
4,80,16,0,0
2,80,18,0,0
0,80,20,0,0
0,80,18,2,0
0,80,18,0,2
2,80,16,2,0
0,80,16,4,0
0,80,16,2,2
2,80,16,0,2
0,80,16,0,4
4,80,14,2,0
2,80,14,4,0
0,80,14,6,0
0,80,14,4,2
2,80,14,2,2
0,80,14,2,4
4,80,14,0,2
2,80,14,0,4
0,80,14,0,6
6,80,12,2,0
4,80,12,4,0
2,80,12,6,0
0,80,12,8,0
0,80,12,6,2
2,80,12,4,2
0,80,12,4,4
4,80,12,2,2
2,80,12,2,4
0,80,12,2,6
6,80,12,0,2
4,80,12,0,4
2,80,12,0,6
0,80,12,0,8
8,80,10,2,0
6,80,10,4,0
4,80,10,6,0
2,80,10,8,0
0,80,10,10,0
0,80,10,8,2
2,80,10,6,2
0,80,10,6,4
4,80,10,4,2
2,80,10,4,4
0,80,10,4,6
6,80,10,2,2
4,80,10,2,4
2,80,10,2,6
0,80,10,2,8
8,80,10,0,2
6,80,10,0,4
4,80,10,0,6
2,80,10,0,8
0,80,10,0,10
10,80,8,2,0
8,80,8,4,0
6,80,8,6,0
4,80,8,8,0
2,80,8,10,0
0,80,8,12,0
0,80,8,10,2
2,80,8,8,2
0,80,8,8,4
4,80,8,6,2
2,80,8,6,4
0,80,8,6,6
6,80,8,4,2
4,80,8,4,4
2,80,8,4,6
0,80,8,4,8
8,80,8,2,2
6,80,8,2,4
4,80,8,2,6
2,80,8,2,8
0,80,8,2,10
10,80,8,0,2
8,80,8,0,4
6,80,8,0,6
4,80,8,0,8
2,80,8,0,10
0,80,8,0,12
12,80,6,2,0
10,80,6,4,0
8,80,6,6,0
6,80,6,8,0
4,80,6,10,0
2,80,6,12,0
0,80,6,14,0
0,80,6,12,2
2,80,6,10,2
0,80,6,10,4
4,80,6,8,2
2,80,6,8,4
0,80,6,8,6
6,80,6,6,2
4,80,6,6,4
2,80,6,6,6
0,80,6,6,8
8,80,6,4,2
6,80,6,4,4
4,80,6,4,6
2,80,6,4,8
0,80,6,4,10
10,80,6,2,2
8,80,6,2,4
6,80,6,2,6
4,80,6,2,8
2,80,6,2,10
0,80,6,2,12
12,80,6,0,2
10,80,6,0,4
8,80,6,0,6
6,80,6,0,8
4,80,6,0,10
2,80,6,0,12
0,80,6,0,14
14,80,4,2,0
12,80,4,4,0
10,80,4,6,0
8,80,4,8,0
6,80,4,10,0
4,80,4,12,0
2,80,4,14,0
0,80,4,16,0
0,80,4,14,2
2,80,4,12,2
0,80,4,12,4
4,80,4,10,2
2,80,4,10,4
0,80,4,10,6
6,80,4,8,2
4,80,4,8,4
2,80,4,8,6
0,80,4,8,8
8,80,4,6,2
6,80,4,6,4
4,80,4,6,6
2,80,4,6,8
0,80,4,6,10
10,80,4,4,2
8,80,4,4,4
6,80,4,4,6
4,80,4,4,8
2,80,4,4,10
0,80,4,4,12
12,80,4,2,2
10,80,4,2,4
8,80,4,2,6
6,80,4,2,8
4,80,4,2,10
2,80,4,2,12
0,80,4,2,14
14,80,4,0,2
12,80,4,0,4
10,80,4,0,6
8,80,4,0,8
6,80,4,0,10
4,80,4,0,12
2,80,4,0,14
0,80,4,0,16
16,80,2,2,0
14,80,2,4,0
12,80,2,6,0
10,80,2,8,0
8,80,2,10,0
6,80,2,12,0
4,80,2,14,0
2,80,2,16,0
0,80,2,18,0
0,80,2,16,2
2,80,2,14,2
0,80,2,14,4
4,80,2,12,2
2,80,2,12,4
0,80,2,12,6
6,80,2,10,2
4,80,2,10,4
2,80,2,10,6
0,80,2,10,8
8,80,2,8,2
6,80,2,8,4
4,80,2,8,6
2,80,2,8,8
0,80,2,8,10
10,80,2,6,2
8,80,2,6,4
6,80,2,6,6
4,80,2,6,8
2,80,2,6,10
0,80,2,6,12
12,80,2,4,2
10,80,2,4,4
8,80,2,4,6
6,80,2,4,8
4,80,2,4,10
2,80,2,4,12
0,80,2,4,14
14,80,2,2,2
12,80,2,2,4
10,80,2,2,6
8,80,2,2,8
6,80,2,2,10
4,80,2,2,12
2,80,2,2,14
0,80,2,2,16
16,80,2,0,2
14,80,2,0,4
12,80,2,0,6
10,80,2,0,8
8,80,2,0,10
6,80,2,0,12
4,80,2,0,14
2,80,2,0,16
0,80,2,0,18
18,80,0,2,0
16,80,0,4,0
14,80,0,6,0
12,80,0,8,0
10,80,0,10,0
8,80,0,12,0
6,80,0,14,0
4,80,0,16,0
2,80,0,18,0
0,80,0,20,0
0,80,0,18,2
2,80,0,16,2
0,80,0,16,4
4,80,0,14,2
2,80,0,14,4
0,80,0,14,6
6,80,0,12,2
4,80,0,12,4
2,80,0,12,6
0,80,0,12,8
8,80,0,10,2
6,80,0,10,4
4,80,0,10,6
2,80,0,10,8
0,80,0,10,10
10,80,0,8,2
8,80,0,8,4
6,80,0,8,6
4,80,0,8,8
2,80,0,8,10
0,80,0,8,12
12,80,0,6,2
10,80,0,6,4
8,80,0,6,6
6,80,0,6,8
4,80,0,6,10
2,80,0,6,12
0,80,0,6,14
14,80,0,4,2
12,80,0,4,4
10,80,0,4,6
8,80,0,4,8
6,80,0,4,10
4,80,0,4,12
2,80,0,4,14
0,80,0,4,16
16,80,0,2,2
14,80,0,2,4
12,80,0,2,6
10,80,0,2,8
8,80,0,2,10
6,80,0,2,12
4,80,0,2,14
2,80,0,2,16
0,80,0,2,18
18,80,0,0,2
16,80,0,0,4
14,80,0,0,6
12,80,0,0,8
10,80,0,0,10
8,80,0,0,12
6,80,0,0,14
4,80,0,0,16
2,80,0,0,18
0,80,0,0,20
20,78,2,0,0
18,78,4,0,0
16,78,6,0,0
14,78,8,0,0
12,78,10,0,0
10,78,12,0,0
8,78,14,0,0
6,78,16,0,0
4,78,18,0,0
2,78,20,0,0
0,78,22,0,0
0,78,20,2,0
0,78,20,0,2
2,78,18,2,0
0,78,18,4,0
0,78,18,2,2
2,78,18,0,2
0,78,18,0,4
4,78,16,2,0
2,78,16,4,0
0,78,16,6,0
0,78,16,4,2
2,78,16,2,2
0,78,16,2,4
4,78,16,0,2
2,78,16,0,4
0,78,16,0,6
6,78,14,2,0
4,78,14,4,0
2,78,14,6,0
0,78,14,8,0
0,78,14,6,2
2,78,14,4,2
0,78,14,4,4
4,78,14,2,2
2,78,14,2,4
0,78,14,2,6
6,78,14,0,2
4,78,14,0,4
2,78,14,0,6
0,78,14,0,8
8,78,12,2,0
6,78,12,4,0
4,78,12,6,0
2,78,12,8,0
0,78,12,10,0
0,78,12,8,2
2,78,12,6,2
0,78,12,6,4
4,78,12,4,2
2,78,12,4,4
0,78,12,4,6
6,78,12,2,2
4,78,12,2,4
2,78,12,2,6
0,78,12,2,8
8,78,12,0,2
6,78,12,0,4
4,78,12,0,6
2,78,12,0,8
0,78,12,0,10
10,78,10,2,0
8,78,10,4,0
6,78,10,6,0
4,78,10,8,0
2,78,10,10,0
0,78,10,12,0
0,78,10,10,2
2,78,10,8,2
0,78,10,8,4
4,78,10,6,2
2,78,10,6,4
0,78,10,6,6
6,78,10,4,2
4,78,10,4,4
2,78,10,4,6
0,78,10,4,8
8,78,10,2,2
6,78,10,2,4
4,78,10,2,6
2,78,10,2,8
0,78,10,2,10
10,78,10,0,2
8,78,10,0,4
6,78,10,0,6
4,78,10,0,8
2,78,10,0,10
0,78,10,0,12
12,78,8,2,0
10,78,8,4,0
8,78,8,6,0
6,78,8,8,0
4,78,8,10,0
2,78,8,12,0
0,78,8,14,0
0,78,8,12,2
2,78,8,10,2
0,78,8,10,4
4,78,8,8,2
2,78,8,8,4
0,78,8,8,6
6,78,8,6,2
4,78,8,6,4
2,78,8,6,6
0,78,8,6,8
8,78,8,4,2
6,78,8,4,4
4,78,8,4,6
2,78,8,4,8
0,78,8,4,10
10,78,8,2,2
8,78,8,2,4
6,78,8,2,6
4,78,8,2,8
2,78,8,2,10
0,78,8,2,12
12,78,8,0,2
10,78,8,0,4
8,78,8,0,6
6,78,8,0,8
4,78,8,0,10
2,78,8,0,12
0,78,8,0,14
14,78,6,2,0
12,78,6,4,0
10,78,6,6,0
8,78,6,8,0
6,78,6,10,0
4,78,6,12,0
2,78,6,14,0
0,78,6,16,0
0,78,6,14,2
2,78,6,12,2
0,78,6,12,4
4,78,6,10,2
2,78,6,10,4
0,78,6,10,6
6,78,6,8,2
4,78,6,8,4
2,78,6,8,6
0,78,6,8,8
8,78,6,6,2
6,78,6,6,4
4,78,6,6,6
2,78,6,6,8
0,78,6,6,10
10,78,6,4,2
8,78,6,4,4
6,78,6,4,6
4,78,6,4,8
2,78,6,4,10
0,78,6,4,12
12,78,6,2,2
10,78,6,2,4
8,78,6,2,6
6,78,6,2,8
4,78,6,2,10
2,78,6,2,12
0,78,6,2,14
14,78,6,0,2
12,78,6,0,4
10,78,6,0,6
8,78,6,0,8
6,78,6,0,10
4,78,6,0,12
2,78,6,0,14
0,78,6,0,16
16,78,4,2,0
14,78,4,4,0
12,78,4,6,0
10,78,4,8,0
8,78,4,10,0
6,78,4,12,0
4,78,4,14,0
2,78,4,16,0
0,78,4,18,0
0,78,4,16,2
2,78,4,14,2
0,78,4,14,4
4,78,4,12,2
2,78,4,12,4
0,78,4,12,6
6,78,4,10,2
4,78,4,10,4
2,78,4,10,6
0,78,4,10,8
8,78,4,8,2
6,78,4,8,4
4,78,4,8,6
2,78,4,8,8
0,78,4,8,10
10,78,4,6,2
8,78,4,6,4
6,78,4,6,6
4,78,4,6,8
2,78,4,6,10
0,78,4,6,12
12,78,4,4,2
10,78,4,4,4
8,78,4,4,6
6,78,4,4,8
4,78,4,4,10
2,78,4,4,12
0,78,4,4,14
14,78,4,2,2
12,78,4,2,4
10,78,4,2,6
8,78,4,2,8
6,78,4,2,10
4,78,4,2,12
2,78,4,2,14
0,78,4,2,16
16,78,4,0,2
14,78,4,0,4
12,78,4,0,6
10,78,4,0,8
8,78,4,0,10
6,78,4,0,12
4,78,4,0,14
2,78,4,0,16
0,78,4,0,18
18,78,2,2,0
16,78,2,4,0
14,78,2,6,0
12,78,2,8,0
10,78,2,10,0
8,78,2,12,0
6,78,2,14,0
4,78,2,16,0
2,78,2,18,0
0,78,2,20,0
0,78,2,18,2
2,78,2,16,2
0,78,2,16,4
4,78,2,14,2
2,78,2,14,4
0,78,2,14,6
6,78,2,12,2
4,78,2,12,4
2,78,2,12,6
0,78,2,12,8
8,78,2,10,2
6,78,2,10,4
4,78,2,10,6
2,78,2,10,8
0,78,2,10,10
10,78,2,8,2
8,78,2,8,4
6,78,2,8,6
4,78,2,8,8
2,78,2,8,10
0,78,2,8,12
12,78,2,6,2
10,78,2,6,4
8,78,2,6,6
6,78,2,6,8
4,78,2,6,10
2,78,2,6,12
0,78,2,6,14
14,78,2,4,2
12,78,2,4,4
10,78,2,4,6
8,78,2,4,8
6,78,2,4,10
4,78,2,4,12
2,78,2,4,14
0,78,2,4,16
16,78,2,2,2
14,78,2,2,4
12,78,2,2,6
10,78,2,2,8
8,78,2,2,10
6,78,2,2,12
4,78,2,2,14
2,78,2,2,16
0,78,2,2,18
18,78,2,0,2
16,78,2,0,4
14,78,2,0,6
12,78,2,0,8
10,78,2,0,10
8,78,2,0,12
6,78,2,0,14
4,78,2,0,16
2,78,2,0,18
0,78,2,0,20
20,78,0,2,0
18,78,0,4,0
16,78,0,6,0
14,78,0,8,0
12,78,0,10,0
10,78,0,12,0
8,78,0,14,0
6,78,0,16,0
4,78,0,18,0
2,78,0,20,0
0,78,0,22,0
0,78,0,20,2
2,78,0,18,2
0,78,0,18,4
4,78,0,16,2
2,78,0,16,4
0,78,0,16,6
6,78,0,14,2
4,78,0,14,4
2,78,0,14,6
0,78,0,14,8
8,78,0,12,2
6,78,0,12,4
4,78,0,12,6
2,78,0,12,8
0,78,0,12,10
10,78,0,10,2
8,78,0,10,4
6,78,0,10,6
4,78,0,10,8
2,78,0,10,10
0,78,0,10,12
12,78,0,8,2
10,78,0,8,4
8,78,0,8,6
6,78,0,8,8
4,78,0,8,10
2,78,0,8,12
0,78,0,8,14
14,78,0,6,2
12,78,0,6,4
10,78,0,6,6
8,78,0,6,8
6,78,0,6,10
4,78,0,6,12
2,78,0,6,14
0,78,0,6,16
16,78,0,4,2
14,78,0,4,4
12,78,0,4,6
10,78,0,4,8
8,78,0,4,10
6,78,0,4,12
4,78,0,4,14
2,78,0,4,16
0,78,0,4,18
18,78,0,2,2
16,78,0,2,4
14,78,0,2,6
12,78,0,2,8
10,78,0,2,10
8,78,0,2,12
6,78,0,2,14
4,78,0,2,16
2,78,0,2,18
0,78,0,2,20
20,78,0,0,2
18,78,0,0,4
16,78,0,0,6
14,78,0,0,8
12,78,0,0,10
10,78,0,0,12
8,78,0,0,14
6,78,0,0,16
4,78,0,0,18
2,78,0,0,20
0,78,0,0,22
22,76,2,0,0
20,76,4,0,0
18,76,6,0,0
16,76,8,0,0
14,76,10,0,0
12,76,12,0,0
10,76,14,0,0
8,76,16,0,0
6,76,18,0,0
4,76,20,0,0
2,76,22,0,0
0,76,24,0,0
0,76,22,2,0
0,76,22,0,2
2,76,20,2,0
0,76,20,4,0
0,76,20,2,2
2,76,20,0,2
0,76,20,0,4
4,76,18,2,0
2,76,18,4,0
0,76,18,6,0
0,76,18,4,2
2,76,18,2,2
0,76,18,2,4
4,76,18,0,2
2,76,18,0,4
0,76,18,0,6
6,76,16,2,0
4,76,16,4,0
2,76,16,6,0
0,76,16,8,0
0,76,16,6,2
2,76,16,4,2
0,76,16,4,4
4,76,16,2,2
2,76,16,2,4
0,76,16,2,6
6,76,16,0,2
4,76,16,0,4
2,76,16,0,6
0,76,16,0,8
8,76,14,2,0
6,76,14,4,0
4,76,14,6,0
2,76,14,8,0
0,76,14,10,0
0,76,14,8,2
2,76,14,6,2
0,76,14,6,4
4,76,14,4,2
2,76,14,4,4
0,76,14,4,6
6,76,14,2,2
4,76,14,2,4
2,76,14,2,6
0,76,14,2,8
8,76,14,0,2
6,76,14,0,4
4,76,14,0,6
2,76,14,0,8
0,76,14,0,10
10,76,12,2,0
8,76,12,4,0
6,76,12,6,0
4,76,12,8,0
2,76,12,10,0
0,76,12,12,0
0,76,12,10,2
2,76,12,8,2
0,76,12,8,4
4,76,12,6,2
2,76,12,6,4
0,76,12,6,6
6,76,12,4,2
4,76,12,4,4
2,76,12,4,6
0,76,12,4,8
8,76,12,2,2
6,76,12,2,4
4,76,12,2,6
2,76,12,2,8
0,76,12,2,10
10,76,12,0,2
8,76,12,0,4
6,76,12,0,6
4,76,12,0,8
2,76,12,0,10
0,76,12,0,12
12,76,10,2,0
10,76,10,4,0
8,76,10,6,0
6,76,10,8,0
4,76,10,10,0
2,76,10,12,0
0,76,10,14,0
0,76,10,12,2
2,76,10,10,2
0,76,10,10,4
4,76,10,8,2
2,76,10,8,4
0,76,10,8,6
6,76,10,6,2
4,76,10,6,4
2,76,10,6,6
0,76,10,6,8
8,76,10,4,2
6,76,10,4,4
4,76,10,4,6
2,76,10,4,8
0,76,10,4,10
10,76,10,2,2
8,76,10,2,4
6,76,10,2,6
4,76,10,2,8
2,76,10,2,10
0,76,10,2,12
12,76,10,0,2
10,76,10,0,4
8,76,10,0,6
6,76,10,0,8
4,76,10,0,10
2,76,10,0,12
0,76,10,0,14
14,76,8,2,0
12,76,8,4,0
10,76,8,6,0
8,76,8,8,0
6,76,8,10,0
4,76,8,12,0
2,76,8,14,0
0,76,8,16,0
0,76,8,14,2
2,76,8,12,2
0,76,8,12,4
4,76,8,10,2
2,76,8,10,4
0,76,8,10,6
6,76,8,8,2
4,76,8,8,4
2,76,8,8,6
0,76,8,8,8
8,76,8,6,2
6,76,8,6,4
4,76,8,6,6
2,76,8,6,8
0,76,8,6,10
10,76,8,4,2
8,76,8,4,4
6,76,8,4,6
4,76,8,4,8
2,76,8,4,10
0,76,8,4,12
12,76,8,2,2
10,76,8,2,4
8,76,8,2,6
6,76,8,2,8
4,76,8,2,10
2,76,8,2,12
0,76,8,2,14
14,76,8,0,2
12,76,8,0,4
10,76,8,0,6
8,76,8,0,8
6,76,8,0,10
4,76,8,0,12
2,76,8,0,14
0,76,8,0,16
16,76,6,2,0
14,76,6,4,0
12,76,6,6,0
10,76,6,8,0
8,76,6,10,0
6,76,6,12,0
4,76,6,14,0
2,76,6,16,0
0,76,6,18,0
0,76,6,16,2
2,76,6,14,2
0,76,6,14,4
4,76,6,12,2
2,76,6,12,4
0,76,6,12,6
6,76,6,10,2
4,76,6,10,4
2,76,6,10,6
0,76,6,10,8
8,76,6,8,2
6,76,6,8,4
4,76,6,8,6
2,76,6,8,8
0,76,6,8,10
10,76,6,6,2
8,76,6,6,4
6,76,6,6,6
4,76,6,6,8
2,76,6,6,10
0,76,6,6,12
12,76,6,4,2
10,76,6,4,4
8,76,6,4,6
6,76,6,4,8
4,76,6,4,10
2,76,6,4,12
0,76,6,4,14
14,76,6,2,2
12,76,6,2,4
10,76,6,2,6
8,76,6,2,8
6,76,6,2,10
4,76,6,2,12
2,76,6,2,14
0,76,6,2,16
16,76,6,0,2
14,76,6,0,4
12,76,6,0,6
10,76,6,0,8
8,76,6,0,10
6,76,6,0,12
4,76,6,0,14
2,76,6,0,16
0,76,6,0,18
18,76,4,2,0
16,76,4,4,0
14,76,4,6,0
12,76,4,8,0
10,76,4,10,0
8,76,4,12,0
6,76,4,14,0
4,76,4,16,0
2,76,4,18,0
0,76,4,20,0
0,76,4,18,2
2,76,4,16,2
0,76,4,16,4
4,76,4,14,2
2,76,4,14,4
0,76,4,14,6
6,76,4,12,2
4,76,4,12,4
2,76,4,12,6
0,76,4,12,8
8,76,4,10,2
6,76,4,10,4
4,76,4,10,6
2,76,4,10,8
0,76,4,10,10
10,76,4,8,2
8,76,4,8,4
6,76,4,8,6
4,76,4,8,8
2,76,4,8,10
0,76,4,8,12
12,76,4,6,2
10,76,4,6,4
8,76,4,6,6
6,76,4,6,8
4,76,4,6,10
2,76,4,6,12
0,76,4,6,14
14,76,4,4,2
12,76,4,4,4
10,76,4,4,6
8,76,4,4,8
6,76,4,4,10
4,76,4,4,12
2,76,4,4,14
0,76,4,4,16
16,76,4,2,2
14,76,4,2,4
12,76,4,2,6
10,76,4,2,8
8,76,4,2,10
6,76,4,2,12
4,76,4,2,14
2,76,4,2,16
0,76,4,2,18
18,76,4,0,2
16,76,4,0,4
14,76,4,0,6
12,76,4,0,8
10,76,4,0,10
8,76,4,0,12
6,76,4,0,14
4,76,4,0,16
2,76,4,0,18
0,76,4,0,20
20,76,2,2,0
18,76,2,4,0
16,76,2,6,0
14,76,2,8,0
12,76,2,10,0
10,76,2,12,0
8,76,2,14,0
6,76,2,16,0
4,76,2,18,0
2,76,2,20,0
0,76,2,22,0
0,76,2,20,2
2,76,2,18,2
0,76,2,18,4
4,76,2,16,2
2,76,2,16,4
0,76,2,16,6
6,76,2,14,2
4,76,2,14,4
2,76,2,14,6
0,76,2,14,8
8,76,2,12,2
6,76,2,12,4
4,76,2,12,6
2,76,2,12,8
0,76,2,12,10
10,76,2,10,2
8,76,2,10,4
6,76,2,10,6
4,76,2,10,8
2,76,2,10,10
0,76,2,10,12
12,76,2,8,2
10,76,2,8,4
8,76,2,8,6
6,76,2,8,8
4,76,2,8,10
2,76,2,8,12
0,76,2,8,14
14,76,2,6,2
12,76,2,6,4
10,76,2,6,6
8,76,2,6,8
6,76,2,6,10
4,76,2,6,12
2,76,2,6,14
0,76,2,6,16
16,76,2,4,2
14,76,2,4,4
12,76,2,4,6
10,76,2,4,8
8,76,2,4,10
6,76,2,4,12
4,76,2,4,14
2,76,2,4,16
0,76,2,4,18
18,76,2,2,2
16,76,2,2,4
14,76,2,2,6
12,76,2,2,8
10,76,2,2,10
8,76,2,2,12
6,76,2,2,14
4,76,2,2,16
2,76,2,2,18
0,76,2,2,20
20,76,2,0,2
18,76,2,0,4
16,76,2,0,6
14,76,2,0,8
12,76,2,0,10
10,76,2,0,12
8,76,2,0,14
6,76,2,0,16
4,76,2,0,18
2,76,2,0,20
0,76,2,0,22
22,76,0,2,0
20,76,0,4,0
18,76,0,6,0
16,76,0,8,0
14,76,0,10,0
12,76,0,12,0
10,76,0,14,0
8,76,0,16,0
6,76,0,18,0
4,76,0,20,0
2,76,0,22,0
0,76,0,24,0
0,76,0,22,2
2,76,0,20,2
0,76,0,20,4
4,76,0,18,2
2,76,0,18,4
0,76,0,18,6
6,76,0,16,2
4,76,0,16,4
2,76,0,16,6
0,76,0,16,8
8,76,0,14,2
6,76,0,14,4
4,76,0,14,6
2,76,0,14,8
0,76,0,14,10
10,76,0,12,2
8,76,0,12,4
6,76,0,12,6
4,76,0,12,8
2,76,0,12,10
0,76,0,12,12
12,76,0,10,2
10,76,0,10,4
8,76,0,10,6
6,76,0,10,8
4,76,0,10,10
2,76,0,10,12
0,76,0,10,14
14,76,0,8,2
12,76,0,8,4
10,76,0,8,6
8,76,0,8,8
6,76,0,8,10
4,76,0,8,12
2,76,0,8,14
0,76,0,8,16
16,76,0,6,2
14,76,0,6,4
12,76,0,6,6
10,76,0,6,8
8,76,0,6,10
6,76,0,6,12
4,76,0,6,14
2,76,0,6,16
0,76,0,6,18
18,76,0,4,2
16,76,0,4,4
14,76,0,4,6
12,76,0,4,8
10,76,0,4,10
8,76,0,4,12
6,76,0,4,14
4,76,0,4,16
2,76,0,4,18
0,76,0,4,20
20,76,0,2,2
18,76,0,2,4
16,76,0,2,6
14,76,0,2,8
12,76,0,2,10
10,76,0,2,12
8,76,0,2,14
6,76,0,2,16
4,76,0,2,18
2,76,0,2,20
0,76,0,2,22
22,76,0,0,2
20,76,0,0,4
18,76,0,0,6
16,76,0,0,8
14,76,0,0,10
12,76,0,0,12
10,76,0,0,14
8,76,0,0,16
6,76,0,0,18
4,76,0,0,20
2,76,0,0,22
0,76,0,0,24
24,74,2,0,0
22,74,4,0,0
20,74,6,0,0
18,74,8,0,0
16,74,10,0,0
14,74,12,0,0
12,74,14,0,0
10,74,16,0,0
8,74,18,0,0
6,74,20,0,0
4,74,22,0,0
2,74,24,0,0
0,74,26,0,0
0,74,24,2,0
0,74,24,0,2
2,74,22,2,0
0,74,22,4,0
0,74,22,2,2
2,74,22,0,2
0,74,22,0,4
4,74,20,2,0
2,74,20,4,0
0,74,20,6,0
0,74,20,4,2
2,74,20,2,2
0,74,20,2,4
4,74,20,0,2
2,74,20,0,4
0,74,20,0,6
6,74,18,2,0
4,74,18,4,0
2,74,18,6,0
0,74,18,8,0
0,74,18,6,2
2,74,18,4,2
0,74,18,4,4
4,74,18,2,2
2,74,18,2,4
0,74,18,2,6
6,74,18,0,2
4,74,18,0,4
2,74,18,0,6
0,74,18,0,8
8,74,16,2,0
6,74,16,4,0
4,74,16,6,0
2,74,16,8,0
0,74,16,10,0
0,74,16,8,2
2,74,16,6,2
0,74,16,6,4
4,74,16,4,2
2,74,16,4,4
0,74,16,4,6
6,74,16,2,2
4,74,16,2,4
2,74,16,2,6
0,74,16,2,8
8,74,16,0,2
6,74,16,0,4
4,74,16,0,6
2,74,16,0,8
0,74,16,0,10
10,74,14,2,0
8,74,14,4,0
6,74,14,6,0
4,74,14,8,0
2,74,14,10,0
0,74,14,12,0
0,74,14,10,2
2,74,14,8,2
0,74,14,8,4
4,74,14,6,2
2,74,14,6,4
0,74,14,6,6
6,74,14,4,2
4,74,14,4,4
2,74,14,4,6
0,74,14,4,8
8,74,14,2,2
6,74,14,2,4
4,74,14,2,6
2,74,14,2,8
0,74,14,2,10
10,74,14,0,2
8,74,14,0,4
6,74,14,0,6
4,74,14,0,8
2,74,14,0,10
0,74,14,0,12
12,74,12,2,0
10,74,12,4,0
8,74,12,6,0
6,74,12,8,0
4,74,12,10,0
2,74,12,12,0
0,74,12,14,0
0,74,12,12,2
2,74,12,10,2
0,74,12,10,4
4,74,12,8,2
2,74,12,8,4
0,74,12,8,6
6,74,12,6,2
4,74,12,6,4
2,74,12,6,6
0,74,12,6,8
8,74,12,4,2
6,74,12,4,4
4,74,12,4,6
2,74,12,4,8
0,74,12,4,10
10,74,12,2,2
8,74,12,2,4
6,74,12,2,6
4,74,12,2,8
2,74,12,2,10
0,74,12,2,12
12,74,12,0,2
10,74,12,0,4
8,74,12,0,6
6,74,12,0,8
4,74,12,0,10
2,74,12,0,12
0,74,12,0,14
14,74,10,2,0
12,74,10,4,0
10,74,10,6,0
8,74,10,8,0
6,74,10,10,0
4,74,10,12,0
2,74,10,14,0
0,74,10,16,0
0,74,10,14,2
2,74,10,12,2
0,74,10,12,4
4,74,10,10,2
2,74,10,10,4
0,74,10,10,6
6,74,10,8,2
4,74,10,8,4
2,74,10,8,6
0,74,10,8,8
8,74,10,6,2
6,74,10,6,4
4,74,10,6,6
2,74,10,6,8
0,74,10,6,10
10,74,10,4,2
8,74,10,4,4
6,74,10,4,6
4,74,10,4,8
2,74,10,4,10
0,74,10,4,12
12,74,10,2,2
10,74,10,2,4
8,74,10,2,6
6,74,10,2,8
4,74,10,2,10
2,74,10,2,12
0,74,10,2,14
14,74,10,0,2
12,74,10,0,4
10,74,10,0,6
8,74,10,0,8
6,74,10,0,10
4,74,10,0,12
2,74,10,0,14
0,74,10,0,16
16,74,8,2,0
14,74,8,4,0
12,74,8,6,0
10,74,8,8,0
8,74,8,10,0
6,74,8,12,0
4,74,8,14,0
2,74,8,16,0
0,74,8,18,0
0,74,8,16,2
2,74,8,14,2
0,74,8,14,4
4,74,8,12,2
2,74,8,12,4
0,74,8,12,6
6,74,8,10,2
4,74,8,10,4
2,74,8,10,6
0,74,8,10,8
8,74,8,8,2
6,74,8,8,4
4,74,8,8,6
2,74,8,8,8
0,74,8,8,10
10,74,8,6,2
8,74,8,6,4
6,74,8,6,6
4,74,8,6,8
2,74,8,6,10
0,74,8,6,12
12,74,8,4,2
10,74,8,4,4
8,74,8,4,6
6,74,8,4,8
4,74,8,4,10
2,74,8,4,12
0,74,8,4,14
14,74,8,2,2
12,74,8,2,4
10,74,8,2,6
8,74,8,2,8
6,74,8,2,10
4,74,8,2,12
2,74,8,2,14
0,74,8,2,16
16,74,8,0,2
14,74,8,0,4
12,74,8,0,6
10,74,8,0,8
8,74,8,0,10
6,74,8,0,12
4,74,8,0,14
2,74,8,0,16
0,74,8,0,18
18,74,6,2,0
16,74,6,4,0
14,74,6,6,0
12,74,6,8,0
10,74,6,10,0
8,74,6,12,0
6,74,6,14,0
4,74,6,16,0
2,74,6,18,0
0,74,6,20,0
0,74,6,18,2
2,74,6,16,2
0,74,6,16,4
4,74,6,14,2
2,74,6,14,4
0,74,6,14,6
6,74,6,12,2
4,74,6,12,4
2,74,6,12,6
0,74,6,12,8
8,74,6,10,2
6,74,6,10,4
4,74,6,10,6
2,74,6,10,8
0,74,6,10,10
10,74,6,8,2
8,74,6,8,4
6,74,6,8,6
4,74,6,8,8
2,74,6,8,10
0,74,6,8,12
12,74,6,6,2
10,74,6,6,4
8,74,6,6,6
6,74,6,6,8
4,74,6,6,10
2,74,6,6,12
0,74,6,6,14
14,74,6,4,2
12,74,6,4,4
10,74,6,4,6
8,74,6,4,8
6,74,6,4,10
4,74,6,4,12
2,74,6,4,14
0,74,6,4,16
16,74,6,2,2
14,74,6,2,4
12,74,6,2,6
10,74,6,2,8
8,74,6,2,10
6,74,6,2,12
4,74,6,2,14
2,74,6,2,16
0,74,6,2,18
18,74,6,0,2
16,74,6,0,4
14,74,6,0,6
12,74,6,0,8
10,74,6,0,10
8,74,6,0,12
6,74,6,0,14
4,74,6,0,16
2,74,6,0,18
0,74,6,0,20
20,74,4,2,0
18,74,4,4,0
16,74,4,6,0
14,74,4,8,0
12,74,4,10,0
10,74,4,12,0
8,74,4,14,0
6,74,4,16,0
4,74,4,18,0
2,74,4,20,0
0,74,4,22,0
0,74,4,20,2
2,74,4,18,2
0,74,4,18,4
4,74,4,16,2
2,74,4,16,4
0,74,4,16,6
6,74,4,14,2
4,74,4,14,4
2,74,4,14,6
0,74,4,14,8
8,74,4,12,2
6,74,4,12,4
4,74,4,12,6
2,74,4,12,8
0,74,4,12,10
10,74,4,10,2
8,74,4,10,4
6,74,4,10,6
4,74,4,10,8
2,74,4,10,10
0,74,4,10,12
12,74,4,8,2
10,74,4,8,4
8,74,4,8,6
6,74,4,8,8
4,74,4,8,10
2,74,4,8,12
0,74,4,8,14
14,74,4,6,2
12,74,4,6,4
10,74,4,6,6
8,74,4,6,8
6,74,4,6,10
4,74,4,6,12
2,74,4,6,14
0,74,4,6,16
16,74,4,4,2
14,74,4,4,4
12,74,4,4,6
10,74,4,4,8
8,74,4,4,10
6,74,4,4,12
4,74,4,4,14
2,74,4,4,16
0,74,4,4,18
18,74,4,2,2
16,74,4,2,4
14,74,4,2,6
12,74,4,2,8
10,74,4,2,10
8,74,4,2,12
6,74,4,2,14
4,74,4,2,16
2,74,4,2,18
0,74,4,2,20
20,74,4,0,2
18,74,4,0,4
16,74,4,0,6
14,74,4,0,8
12,74,4,0,10
10,74,4,0,12
8,74,4,0,14
6,74,4,0,16
4,74,4,0,18
2,74,4,0,20
0,74,4,0,22
22,74,2,2,0
20,74,2,4,0
18,74,2,6,0
16,74,2,8,0
14,74,2,10,0
12,74,2,12,0
10,74,2,14,0
8,74,2,16,0
6,74,2,18,0
4,74,2,20,0
2,74,2,22,0
0,74,2,24,0
0,74,2,22,2
2,74,2,20,2
0,74,2,20,4
4,74,2,18,2
2,74,2,18,4
0,74,2,18,6
6,74,2,16,2
4,74,2,16,4
2,74,2,16,6
0,74,2,16,8
8,74,2,14,2
6,74,2,14,4
4,74,2,14,6
2,74,2,14,8
0,74,2,14,10
10,74,2,12,2
8,74,2,12,4
6,74,2,12,6
4,74,2,12,8
2,74,2,12,10
0,74,2,12,12
12,74,2,10,2
10,74,2,10,4
8,74,2,10,6
6,74,2,10,8
4,74,2,10,10
2,74,2,10,12
0,74,2,10,14
14,74,2,8,2
12,74,2,8,4
10,74,2,8,6
8,74,2,8,8
6,74,2,8,10
4,74,2,8,12
2,74,2,8,14
0,74,2,8,16
16,74,2,6,2
14,74,2,6,4
12,74,2,6,6
10,74,2,6,8
8,74,2,6,10
6,74,2,6,12
4,74,2,6,14
2,74,2,6,16
0,74,2,6,18
18,74,2,4,2
16,74,2,4,4
14,74,2,4,6
12,74,2,4,8
10,74,2,4,10
8,74,2,4,12
6,74,2,4,14
4,74,2,4,16
2,74,2,4,18
0,74,2,4,20
20,74,2,2,2
18,74,2,2,4
16,74,2,2,6
14,74,2,2,8
12,74,2,2,10
10,74,2,2,12
8,74,2,2,14
6,74,2,2,16
4,74,2,2,18
2,74,2,2,20
0,74,2,2,22
22,74,2,0,2
20,74,2,0,4
18,74,2,0,6
16,74,2,0,8
14,74,2,0,10
12,74,2,0,12
10,74,2,0,14
8,74,2,0,16
6,74,2,0,18
4,74,2,0,20
2,74,2,0,22
0,74,2,0,24
24,74,0,2,0
22,74,0,4,0
20,74,0,6,0
18,74,0,8,0
16,74,0,10,0
14,74,0,12,0
12,74,0,14,0
10,74,0,16,0
8,74,0,18,0
6,74,0,20,0
4,74,0,22,0
2,74,0,24,0
0,74,0,26,0
0,74,0,24,2
2,74,0,22,2
0,74,0,22,4
4,74,0,20,2
2,74,0,20,4
0,74,0,20,6
6,74,0,18,2
4,74,0,18,4
2,74,0,18,6
0,74,0,18,8
8,74,0,16,2
6,74,0,16,4
4,74,0,16,6
2,74,0,16,8
0,74,0,16,10
10,74,0,14,2
8,74,0,14,4
6,74,0,14,6
4,74,0,14,8
2,74,0,14,10
0,74,0,14,12
12,74,0,12,2
10,74,0,12,4
8,74,0,12,6
6,74,0,12,8
4,74,0,12,10
2,74,0,12,12
0,74,0,12,14
14,74,0,10,2
12,74,0,10,4
10,74,0,10,6
8,74,0,10,8
6,74,0,10,10
4,74,0,10,12
2,74,0,10,14
0,74,0,10,16
16,74,0,8,2
14,74,0,8,4
12,74,0,8,6
10,74,0,8,8
8,74,0,8,10
6,74,0,8,12
4,74,0,8,14
2,74,0,8,16
0,74,0,8,18
18,74,0,6,2
16,74,0,6,4
14,74,0,6,6
12,74,0,6,8
10,74,0,6,10
8,74,0,6,12
6,74,0,6,14
4,74,0,6,16
2,74,0,6,18
0,74,0,6,20
20,74,0,4,2
18,74,0,4,4
16,74,0,4,6
14,74,0,4,8
12,74,0,4,10
10,74,0,4,12
8,74,0,4,14
6,74,0,4,16
4,74,0,4,18
2,74,0,4,20
0,74,0,4,22
22,74,0,2,2
20,74,0,2,4
18,74,0,2,6
16,74,0,2,8
14,74,0,2,10
12,74,0,2,12
10,74,0,2,14
8,74,0,2,16
6,74,0,2,18
4,74,0,2,20
2,74,0,2,22
0,74,0,2,24
24,74,0,0,2
22,74,0,0,4
20,74,0,0,6
18,74,0,0,8
16,74,0,0,10
14,74,0,0,12
12,74,0,0,14
10,74,0,0,16
8,74,0,0,18
6,74,0,0,20
4,74,0,0,22
2,74,0,0,24
0,74,0,0,26
26,72,2,0,0
24,72,4,0,0
22,72,6,0,0
20,72,8,0,0
18,72,10,0,0
16,72,12,0,0
14,72,14,0,0
12,72,16,0,0
10,72,18,0,0
8,72,20,0,0
6,72,22,0,0
4,72,24,0,0
2,72,26,0,0
0,72,28,0,0
0,72,26,2,0
0,72,26,0,2
2,72,24,2,0
0,72,24,4,0
0,72,24,2,2
2,72,24,0,2
0,72,24,0,4
4,72,22,2,0
2,72,22,4,0
0,72,22,6,0
0,72,22,4,2
2,72,22,2,2
0,72,22,2,4
4,72,22,0,2
2,72,22,0,4
0,72,22,0,6
6,72,20,2,0
4,72,20,4,0
2,72,20,6,0
0,72,20,8,0
0,72,20,6,2
2,72,20,4,2
0,72,20,4,4
4,72,20,2,2
2,72,20,2,4
0,72,20,2,6
6,72,20,0,2
4,72,20,0,4
2,72,20,0,6
0,72,20,0,8
8,72,18,2,0
6,72,18,4,0
4,72,18,6,0
2,72,18,8,0
0,72,18,10,0
0,72,18,8,2
2,72,18,6,2
0,72,18,6,4
4,72,18,4,2
2,72,18,4,4
0,72,18,4,6
6,72,18,2,2
4,72,18,2,4
2,72,18,2,6
0,72,18,2,8
8,72,18,0,2
6,72,18,0,4
4,72,18,0,6
2,72,18,0,8
0,72,18,0,10
10,72,16,2,0
8,72,16,4,0
6,72,16,6,0
4,72,16,8,0
2,72,16,10,0
0,72,16,12,0
0,72,16,10,2
2,72,16,8,2
0,72,16,8,4
4,72,16,6,2
2,72,16,6,4
0,72,16,6,6
6,72,16,4,2
4,72,16,4,4
2,72,16,4,6
0,72,16,4,8
8,72,16,2,2
6,72,16,2,4
4,72,16,2,6
2,72,16,2,8
0,72,16,2,10
10,72,16,0,2
8,72,16,0,4
6,72,16,0,6
4,72,16,0,8
2,72,16,0,10
0,72,16,0,12
12,72,14,2,0
10,72,14,4,0
8,72,14,6,0
6,72,14,8,0
4,72,14,10,0
2,72,14,12,0
0,72,14,14,0
0,72,14,12,2
2,72,14,10,2
0,72,14,10,4
4,72,14,8,2
2,72,14,8,4
0,72,14,8,6
6,72,14,6,2
4,72,14,6,4
2,72,14,6,6
0,72,14,6,8
8,72,14,4,2
6,72,14,4,4
4,72,14,4,6
2,72,14,4,8
0,72,14,4,10
10,72,14,2,2
8,72,14,2,4
6,72,14,2,6
4,72,14,2,8
2,72,14,2,10
0,72,14,2,12
12,72,14,0,2
10,72,14,0,4
8,72,14,0,6
6,72,14,0,8
4,72,14,0,10
2,72,14,0,12
0,72,14,0,14
14,72,12,2,0
12,72,12,4,0
10,72,12,6,0
8,72,12,8,0
6,72,12,10,0
4,72,12,12,0
2,72,12,14,0
0,72,12,16,0
0,72,12,14,2
2,72,12,12,2
0,72,12,12,4
4,72,12,10,2
2,72,12,10,4
0,72,12,10,6
6,72,12,8,2
4,72,12,8,4
2,72,12,8,6
0,72,12,8,8
8,72,12,6,2
6,72,12,6,4
4,72,12,6,6
2,72,12,6,8
0,72,12,6,10
10,72,12,4,2
8,72,12,4,4
6,72,12,4,6
4,72,12,4,8
2,72,12,4,10
0,72,12,4,12
12,72,12,2,2
10,72,12,2,4
8,72,12,2,6
6,72,12,2,8
4,72,12,2,10
2,72,12,2,12
0,72,12,2,14
14,72,12,0,2
12,72,12,0,4
10,72,12,0,6
8,72,12,0,8
6,72,12,0,10
4,72,12,0,12
2,72,12,0,14
0,72,12,0,16
16,72,10,2,0
14,72,10,4,0
12,72,10,6,0
10,72,10,8,0
8,72,10,10,0
6,72,10,12,0
4,72,10,14,0
2,72,10,16,0
0,72,10,18,0
0,72,10,16,2
2,72,10,14,2
0,72,10,14,4
4,72,10,12,2
2,72,10,12,4
0,72,10,12,6
6,72,10,10,2
4,72,10,10,4
2,72,10,10,6
0,72,10,10,8
8,72,10,8,2
6,72,10,8,4
4,72,10,8,6
2,72,10,8,8
0,72,10,8,10
10,72,10,6,2
8,72,10,6,4
6,72,10,6,6
4,72,10,6,8
2,72,10,6,10
0,72,10,6,12
12,72,10,4,2
10,72,10,4,4
8,72,10,4,6
6,72,10,4,8
4,72,10,4,10
2,72,10,4,12
0,72,10,4,14
14,72,10,2,2
12,72,10,2,4
10,72,10,2,6
8,72,10,2,8
6,72,10,2,10
4,72,10,2,12
2,72,10,2,14
0,72,10,2,16
16,72,10,0,2
14,72,10,0,4
12,72,10,0,6
10,72,10,0,8
8,72,10,0,10
6,72,10,0,12
4,72,10,0,14
2,72,10,0,16
0,72,10,0,18
18,72,8,2,0
16,72,8,4,0
14,72,8,6,0
12,72,8,8,0
10,72,8,10,0
8,72,8,12,0
6,72,8,14,0
4,72,8,16,0
2,72,8,18,0
0,72,8,20,0
0,72,8,18,2
2,72,8,16,2
0,72,8,16,4
4,72,8,14,2
2,72,8,14,4
0,72,8,14,6
6,72,8,12,2
4,72,8,12,4
2,72,8,12,6
0,72,8,12,8
8,72,8,10,2
6,72,8,10,4
4,72,8,10,6
2,72,8,10,8
0,72,8,10,10
10,72,8,8,2
8,72,8,8,4
6,72,8,8,6
4,72,8,8,8
2,72,8,8,10
0,72,8,8,12
12,72,8,6,2
10,72,8,6,4
8,72,8,6,6
6,72,8,6,8
4,72,8,6,10
2,72,8,6,12
0,72,8,6,14
14,72,8,4,2
12,72,8,4,4
10,72,8,4,6
8,72,8,4,8
6,72,8,4,10
4,72,8,4,12
2,72,8,4,14
0,72,8,4,16
16,72,8,2,2
14,72,8,2,4
12,72,8,2,6
10,72,8,2,8
8,72,8,2,10
6,72,8,2,12
4,72,8,2,14
2,72,8,2,16
0,72,8,2,18
18,72,8,0,2
16,72,8,0,4
14,72,8,0,6
12,72,8,0,8
10,72,8,0,10
8,72,8,0,12
6,72,8,0,14
4,72,8,0,16
2,72,8,0,18
0,72,8,0,20
20,72,6,2,0
18,72,6,4,0
16,72,6,6,0
14,72,6,8,0
12,72,6,10,0
10,72,6,12,0
8,72,6,14,0
6,72,6,16,0
4,72,6,18,0
2,72,6,20,0
0,72,6,22,0
0,72,6,20,2
2,72,6,18,2
0,72,6,18,4
4,72,6,16,2
2,72,6,16,4
0,72,6,16,6
6,72,6,14,2
4,72,6,14,4
2,72,6,14,6
0,72,6,14,8
8,72,6,12,2
6,72,6,12,4
4,72,6,12,6
2,72,6,12,8
0,72,6,12,10
10,72,6,10,2
8,72,6,10,4
6,72,6,10,6
4,72,6,10,8
2,72,6,10,10
0,72,6,10,12
12,72,6,8,2
10,72,6,8,4
8,72,6,8,6
6,72,6,8,8
4,72,6,8,10
2,72,6,8,12
0,72,6,8,14
14,72,6,6,2
12,72,6,6,4
10,72,6,6,6
8,72,6,6,8
6,72,6,6,10
4,72,6,6,12
2,72,6,6,14
0,72,6,6,16
16,72,6,4,2
14,72,6,4,4
12,72,6,4,6
10,72,6,4,8
8,72,6,4,10
6,72,6,4,12
4,72,6,4,14
2,72,6,4,16
0,72,6,4,18
18,72,6,2,2
16,72,6,2,4
14,72,6,2,6
12,72,6,2,8
10,72,6,2,10
8,72,6,2,12
6,72,6,2,14
4,72,6,2,16
2,72,6,2,18
0,72,6,2,20
20,72,6,0,2
18,72,6,0,4
16,72,6,0,6
14,72,6,0,8
12,72,6,0,10
10,72,6,0,12
8,72,6,0,14
6,72,6,0,16
4,72,6,0,18
2,72,6,0,20
0,72,6,0,22
22,72,4,2,0
20,72,4,4,0
18,72,4,6,0
16,72,4,8,0
14,72,4,10,0
12,72,4,12,0
10,72,4,14,0
8,72,4,16,0
6,72,4,18,0
4,72,4,20,0
2,72,4,22,0
0,72,4,24,0
0,72,4,22,2
2,72,4,20,2
0,72,4,20,4
4,72,4,18,2
2,72,4,18,4
0,72,4,18,6
6,72,4,16,2
4,72,4,16,4
2,72,4,16,6
0,72,4,16,8
8,72,4,14,2
6,72,4,14,4
4,72,4,14,6
2,72,4,14,8
0,72,4,14,10
10,72,4,12,2
8,72,4,12,4
6,72,4,12,6
4,72,4,12,8
2,72,4,12,10
0,72,4,12,12
12,72,4,10,2
10,72,4,10,4
8,72,4,10,6
6,72,4,10,8
4,72,4,10,10
2,72,4,10,12
0,72,4,10,14
14,72,4,8,2
12,72,4,8,4
10,72,4,8,6
8,72,4,8,8
6,72,4,8,10
4,72,4,8,12
2,72,4,8,14
0,72,4,8,16
16,72,4,6,2
14,72,4,6,4
12,72,4,6,6
10,72,4,6,8
8,72,4,6,10
6,72,4,6,12
4,72,4,6,14
2,72,4,6,16
0,72,4,6,18
18,72,4,4,2
16,72,4,4,4
14,72,4,4,6
12,72,4,4,8
10,72,4,4,10
8,72,4,4,12
6,72,4,4,14
4,72,4,4,16
2,72,4,4,18
0,72,4,4,20
20,72,4,2,2
18,72,4,2,4
16,72,4,2,6
14,72,4,2,8
12,72,4,2,10
10,72,4,2,12
8,72,4,2,14
6,72,4,2,16
4,72,4,2,18
2,72,4,2,20
0,72,4,2,22
22,72,4,0,2
20,72,4,0,4
18,72,4,0,6
16,72,4,0,8
14,72,4,0,10
12,72,4,0,12
10,72,4,0,14
8,72,4,0,16
6,72,4,0,18
4,72,4,0,20
2,72,4,0,22
0,72,4,0,24
24,72,2,2,0
22,72,2,4,0
20,72,2,6,0
18,72,2,8,0
16,72,2,10,0
14,72,2,12,0
12,72,2,14,0
10,72,2,16,0
8,72,2,18,0
6,72,2,20,0
4,72,2,22,0
2,72,2,24,0
0,72,2,26,0
0,72,2,24,2
2,72,2,22,2
0,72,2,22,4
4,72,2,20,2
2,72,2,20,4
0,72,2,20,6
6,72,2,18,2
4,72,2,18,4
2,72,2,18,6
0,72,2,18,8
8,72,2,16,2
6,72,2,16,4
4,72,2,16,6
2,72,2,16,8
0,72,2,16,10
10,72,2,14,2
8,72,2,14,4
6,72,2,14,6
4,72,2,14,8
2,72,2,14,10
0,72,2,14,12
12,72,2,12,2
10,72,2,12,4
8,72,2,12,6
6,72,2,12,8
4,72,2,12,10
2,72,2,12,12
0,72,2,12,14
14,72,2,10,2
12,72,2,10,4
10,72,2,10,6
8,72,2,10,8
6,72,2,10,10
4,72,2,10,12
2,72,2,10,14
0,72,2,10,16
16,72,2,8,2
14,72,2,8,4
12,72,2,8,6
10,72,2,8,8
8,72,2,8,10
6,72,2,8,12
4,72,2,8,14
2,72,2,8,16
0,72,2,8,18
18,72,2,6,2
16,72,2,6,4
14,72,2,6,6
12,72,2,6,8
10,72,2,6,10
8,72,2,6,12
6,72,2,6,14
4,72,2,6,16
2,72,2,6,18
0,72,2,6,20
20,72,2,4,2
18,72,2,4,4
16,72,2,4,6
14,72,2,4,8
12,72,2,4,10
10,72,2,4,12
8,72,2,4,14
6,72,2,4,16
4,72,2,4,18
2,72,2,4,20
0,72,2,4,22
22,72,2,2,2
20,72,2,2,4
18,72,2,2,6
16,72,2,2,8
14,72,2,2,10
12,72,2,2,12
10,72,2,2,14
8,72,2,2,16
6,72,2,2,18
4,72,2,2,20
2,72,2,2,22
0,72,2,2,24
24,72,2,0,2
22,72,2,0,4
20,72,2,0,6
18,72,2,0,8
16,72,2,0,10
14,72,2,0,12
12,72,2,0,14
10,72,2,0,16
8,72,2,0,18
6,72,2,0,20
4,72,2,0,22
2,72,2,0,24
0,72,2,0,26
26,72,0,2,0
24,72,0,4,0
22,72,0,6,0
20,72,0,8,0
18,72,0,10,0
16,72,0,12,0
14,72,0,14,0
12,72,0,16,0
10,72,0,18,0
8,72,0,20,0
6,72,0,22,0
4,72,0,24,0
2,72,0,26,0
0,72,0,28,0
0,72,0,26,2
2,72,0,24,2
0,72,0,24,4
4,72,0,22,2
2,72,0,22,4
0,72,0,22,6
6,72,0,20,2
4,72,0,20,4
2,72,0,20,6
0,72,0,20,8
8,72,0,18,2
6,72,0,18,4
4,72,0,18,6
2,72,0,18,8
0,72,0,18,10
10,72,0,16,2
8,72,0,16,4
6,72,0,16,6
4,72,0,16,8
2,72,0,16,10
0,72,0,16,12
12,72,0,14,2
10,72,0,14,4
8,72,0,14,6
6,72,0,14,8
4,72,0,14,10
2,72,0,14,12
0,72,0,14,14
14,72,0,12,2
12,72,0,12,4
10,72,0,12,6
8,72,0,12,8
6,72,0,12,10
4,72,0,12,12
2,72,0,12,14
0,72,0,12,16
16,72,0,10,2
14,72,0,10,4
12,72,0,10,6
10,72,0,10,8
8,72,0,10,10
6,72,0,10,12
4,72,0,10,14
2,72,0,10,16
0,72,0,10,18
18,72,0,8,2
16,72,0,8,4
14,72,0,8,6
12,72,0,8,8
10,72,0,8,10
8,72,0,8,12
6,72,0,8,14
4,72,0,8,16
2,72,0,8,18
0,72,0,8,20
20,72,0,6,2
18,72,0,6,4
16,72,0,6,6
14,72,0,6,8
12,72,0,6,10
10,72,0,6,12
8,72,0,6,14
6,72,0,6,16
4,72,0,6,18
2,72,0,6,20
0,72,0,6,22
22,72,0,4,2
20,72,0,4,4
18,72,0,4,6
16,72,0,4,8
14,72,0,4,10
12,72,0,4,12
10,72,0,4,14
8,72,0,4,16
6,72,0,4,18
4,72,0,4,20
2,72,0,4,22
0,72,0,4,24
24,72,0,2,2
22,72,0,2,4
